float,
0.0318909995258,
0.0326850004494,
-0.0153200002387,
-0.00295000011101,
0.031764999032,
0.0318909995258,
0.0292199999094,
0.034540001303,
0.0262199994177,
0.20000000298,
0.0747549980879,
