float,
0.0,
0.0333550013602,
0.0360199995339,
0.0,
0.0123749999329,
0.0,
0.0220100004226,
0.00907499995083,
0.0170000009239,
0.20000000298,
0.0185150001198,
