float,
0.193000003695,
0.216000005603,
0.263999998569,
0.310000002384,
0.310000002384,
0.395000010729,
0.43599998951,
0.47499999404,
0.513999998569,
0.551999986172,
0.587999999523,
0.625,
0.661000013351,
0.695999979973,
0.76599997282,
0.800000011921,
0.834999978542,
0.884999990463,
0.919000029564,
1.0,
1.0340000391,
1.06700003147,
1.10099995136,
1.16499996185,
1.22899997234,
1.27799999714,
1.32799994946,
1.40499997139,
1.52199995518,
1.61199998856,
1.66199994087,
1.75199997425,
1.80499994755,
1.85800004005,
1.96399998665,
2.03200006485,
2.12599992752,
2.19600009918,
2.29200005531,
2.35100007057,
2.44600009918,
2.50600004196,
2.62599992752,
2.68600010872,
2.78200006485,
2.85400009155,
2.95000004768,
3.01200008392,
3.07399988174,
3.19499993324,
3.26900005341,
3.37800002098,
3.47499990463,
3.58299994469,
3.65799999237,
3.78800010681,
3.86299991608,
3.97199988365,
4.04799985886,
4.16699981689,
4.26599979401,
4.40000009537,
4.51399993896,
4.66200017929,
4.76800012589,
4.90799999237,
5.01599979401,
5.16900014877,
5.29199981689,
5.43699979782,
5.59299993515,
5.70900011063,
5.85799980164,
5.99800014496,
6.15000009537,
6.28200006485,
6.41499996185,
6.59399986267,
6.76200008392,
6.89900016785,
7.08199977875,
7.22200012207,
7.37599992752,
7.55200004578,
7.6970000267,
7.87599992752,
8.02400016785,
8.19600009918,
8.34700012207,
8.53299999237,
8.74100017548,
8.89799976349,
9.05500030518,
9.21500015259,
9.40799999237,
9.57199954987,
9.73600006104,
9.90200042725,
10.0909996033,
10.2930002213,
